zip,latitude,longitude,nearest_anchor_zip,distance_miles
53901,43.560907,-89.483147,54467,59.003
53910,43.886678,-89.807748,54467,38.79
53920,43.670723,-89.604598,54467,51.453
53926,43.666882,-89.222839,54467,53.95
53929,43.75661,-90.290996,54467,58.786
53930,43.690958,-89.48824,54467,50.015
53931,43.742825,-88.866884,54467,57.119
53934,43.979489,-89.823633,54467,33.165
53936,43.868893,-89.707306,54467,38.572
53939,43.690381,-89.138839,54467,53.794
53940,43.591278,-89.794431,54467,58.24
53944,43.688416,-89.930181,54467,53.761
53946,43.719381,-89.021662,54467,54.426
53947,43.746768,-89.137671,54467,50.213
53948,43.776559,-90.040249,54467,50.578
53949,43.782615,-89.339644,54467,44.725
53950,43.901156,-90.137798,54467,46.222
53952,43.784927,-89.58969,54467,43.532
53953,43.766096,-89.457916,54467,44.94
53964,43.912582,-89.512502,54467,34.664
53965,43.671422,-89.748134,54467,52.343
54106,44.485462,-88.456588,54482,52.068
54107,44.700663,-88.456942,54482,52.798
54111,44.812102,-88.380018,54476,56.133
54124,44.908023,-88.345233,54476,57.544
54128,44.86413,-88.801488,54476,35.26
54135,44.907717,-88.626589,54476,43.778
54138,45.333606,-88.409689,54403,58.527
54149,45.211171,-88.443513,54403,54.391
54150,44.969198,-88.788175,54403,36.169
54152,44.566466,-88.470528,54482,51.167
54165,44.517944,-88.320381,54482,58.612
54166,44.778789,-88.634568,54476,44.093
54170,44.535242,-88.576953,54482,45.938
54174,45.03449,-88.437377,54403,53.13
54175,45.304391,-88.62536,54403,48.079
54401,44.966821,-89.709421,54401,0.0
54403,45.018505,-89.525117,54403,0.0
54405,44.96753,-90.282268,54401,28.003
54406,44.412217,-89.30493,54467,11.548
54407,44.532194,-89.281769,54482,11.287
54408,45.025581,-89.323997,54403,9.834
54409,45.122183,-89.170833,54403,18.713
54410,44.542291,-90.030599,54481,18.985
54411,45.06256,-90.033418,54401,17.152
54412,44.663265,-89.974225,54481,18.846
54413,44.291454,-90.148197,54481,29.478
54414,44.959673,-89.176857,54403,17.497
54416,44.884118,-88.94842,54476,28.019
54417,45.027187,-89.654128,54401,4.969
54418,45.211795,-88.983032,54403,29.613
54420,44.610077,-90.350683,54481,35.204
54421,44.895191,-90.288689,54401,28.764
54422,44.977342,-90.445395,54401,35.982
54423,44.578892,-89.425918,54482,4.574
54424,45.286662,-89.192334,54403,24.621
54425,45.006782,-90.341083,54401,30.991
54426,44.911498,-89.996824,54401,14.567
54427,44.824616,-89.257133,54476,13.677
54428,45.443489,-89.161449,54403,34.283
54430,45.13608,-88.885701,54403,32.238
54433,45.226674,-90.812628,54401,56.723
54435,45.360468,-89.438197,54403,24.003
54436,44.534563,-90.427162,54481,38.479
54437,44.777208,-90.629136,54401,46.901
54440,44.807094,-89.390975,54476,8.554
54441,44.642011,-90.10604,54481,24.091
54442,45.358854,-89.65898,54403,24.403
54443,44.605519,-89.752398,54481,7.762
54446,44.747785,-90.466411,54401,40.045
54447,45.106647,-90.72209,54401,50.378
54448,44.933551,-89.830531,54401,6.353
54449,44.637705,-90.196801,54481,28.244
54450,45.003649,-89.041805,54403,23.631
54451,45.19739,-90.407651,54401,37.605
54452,45.217503,-89.793489,54401,17.799
54454,44.601983,-89.883974,54481,12.932
54455,44.766821,-89.684474,54474,8.04
54456,44.544396,-90.632781,54481,48.617
54457,44.219701,-89.896922,54467,22.211
54458,44.497118,-89.306054,54482,10.673
54459,45.412588,-90.237432,54401,40.121
54460,44.953422,-90.532895,54401,40.27
54462,45.392002,-89.007393,54403,36.072
54463,45.498652,-89.232818,54403,36.093
54464,45.054774,-89.01748,54403,24.912
54465,45.396263,-88.875744,54403,40.994
54466,44.385459,-90.327046,54481,34.891
54467,44.413919,-89.538901,54467,0.0
54469,44.346091,-89.870255,54481,16.457
54470,45.291895,-90.136696,54401,30.631
54471,44.930719,-89.424316,54476,5.494
54473,44.650645,-89.352368,54482,10.397
54474,44.873879,-89.620177,54474,0.0
54475,44.484609,-89.793126,54481,7.701
54476,44.88996,-89.520725,54476,0.0
54479,44.750611,-90.331989,54401,33.954
54480,45.05431,-90.269289,54401,28.008
54481,44.522504,-89.646149,54481,0.0
54482,44.550081,-89.509584,54482,0.0
54484,44.798961,-90.082549,54401,21.638
54485,45.393438,-89.220286,54403,29.854
54486,44.718048,-89.045227,54482,25.611
54487,45.507383,-89.745448,54403,35.437
54488,44.843146,-90.346204,54401,32.313
54489,44.460777,-90.003987,54481,18.145
54490,45.32538,-90.408626,54401,42.127
54491,45.227138,-88.748745,54403,40.501
54493,44.69676,-90.81072,54401,57.098
54494,44.340807,-89.735011,54467,10.923
54495,44.391655,-89.958705,54481,17.87
54498,45.035112,-90.629022,54401,45.174
54499,44.789831,-89.176405,54476,18.233
54501,45.657566,-89.34882,54403,44.977
54513,45.578372,-90.141255,54401,47.183
54515,45.512606,-90.491096,54401,53.556
54520,45.54124,-88.9329,54403,46.189
54529,45.677712,-89.667165,54403,46.066
54531,45.753028,-89.7735,54403,52.162
54537,45.533815,-90.602234,54401,58.487
54539,45.809175,-89.577404,54403,54.689
54541,45.553631,-88.662073,54403,55.921
54556,45.529865,-90.333733,54401,49.352
54562,45.802655,-89.079344,54403,58.334
54564,45.604132,-89.961429,54403,45.68
54566,45.428238,-88.630952,54403,51.913
54613,44.075585,-89.923744,54467,30.155
54615,44.266352,-90.784217,54481,58.907
54618,43.963629,-90.285854,54467,48.347
54637,43.878745,-90.270778,54467,51.806
54643,44.18818,-90.63237,54481,53.92
54646,44.070266,-90.085553,54467,35.999
54660,43.985009,-90.505437,54467,56.306
54666,44.170133,-90.449668,54481,46.572
54754,44.426436,-90.773969,54481,55.999
54768,44.967097,-90.92708,54401,59.524
54771,44.92394,-90.80674,54401,53.743
54901,44.063456,-88.535585,54467,55.253
54902,43.944111,-88.534801,54467,59.406
54904,44.023425,-88.623775,54467,52.739
54909,44.280704,-89.367404,54467,12.511
54911,44.281533,-88.381003,54467,57.937
54913,44.335996,-88.39997,54467,56.504
54914,44.267634,-88.499046,54467,52.369
54915,44.242088,-88.361084,54467,59.413
54921,44.295741,-89.579301,54467,8.406
54922,44.548638,-88.742749,54482,37.758
54923,43.99772,-88.9668,54467,40.371
54926,44.615607,-89.020239,54482,24.503
54927,44.103128,-88.654369,54467,48.754
54928,44.752704,-88.879232,54476,32.838
54929,44.640822,-88.740054,54482,38.376
54930,44.03264,-89.554799,54467,26.356
54931,44.270225,-88.668244,54467,44.153
54933,44.660776,-88.71259,54482,39.944
54940,44.219845,-88.841884,54467,36.974
54941,43.844703,-88.992882,54467,47.749
54942,44.299013,-88.542674,54467,49.852
54943,44.122562,-89.572665,54467,20.2
54944,44.324687,-88.626956,54467,45.462
54945,44.568636,-89.136826,54482,18.396
54946,44.337097,-89.145114,54467,20.159
54947,44.203594,-88.698749,54467,44.007
54948,44.776062,-88.885647,54476,32.097
54949,44.494046,-88.91261,54482,29.662
54950,44.657215,-88.918084,54482,30.024
54956,44.182337,-88.527647,54467,52.505
54960,43.941733,-89.218998,54467,36.272
54961,44.410204,-88.761688,54482,38.115
54962,44.486188,-89.030971,54482,23.989
54963,44.043857,-88.773019,54467,45.733
54964,43.91537,-88.741782,54467,52.416
54965,44.167973,-89.043887,54467,29.802
54966,44.210102,-89.50478,54467,14.183
54967,44.12674,-88.975792,54467,34.203
54968,43.846915,-89.136082,54467,43.975
54970,44.072763,-89.098173,54467,32.117
54971,43.856403,-88.830709,54467,52.125
54977,44.461176,-89.171211,54482,17.769
54978,44.794239,-88.914001,54476,30.451
54980,43.986125,-88.765941,54467,48.369
54981,44.322438,-89.131506,54467,21.091
54982,44.069753,-89.292831,54467,26.717
54983,44.316862,-88.935165,54467,30.566
54984,44.190566,-89.223457,54467,21.942
54985,44.075638,-88.519717,54467,55.597
54986,44.117492,-88.747427,54467,44.193
